{"id":4488752,"name":"vava","coordinates":{"x":1.0,"y":1.0},"creationDate":1716325200000,"salary":12,"position":"DEVELOPER","status":"REGULAR","person":{"passportID":"23456456","eyeColor":"BROWN","hairColor":"BROWN","nationality":"ITALY"}}
{"id":6093012,"name":"sdfgyuhik","coordinates":{"x":34567.0,"y":3456.0},"creationDate":1716584400000,"salary":251512,"position":"MANAGER","status":"FIRED","person":{"passportID":"4567890","eyeColor":"RED","hairColor":"RED","nationality":"CHINA"}}
{"id":4933803,"name":"werty","coordinates":{"x":2.0,"y":2.0},"creationDate":1716238800000,"salary":2,"position":"DEVELOPER","status":"REGULAR","person":{"passportID":"234567","eyeColor":"BROWN","hairColor":"BROWN","nationality":"ITALY"}}
{"id":8357787,"name":"sdfghj","coordinates":{"x":234567.0,"y":678.0},"creationDate":1716584400000,"salary":123456789,"position":"DEVELOPER","status":"REGULAR","person":{"passportID":"12345678","eyeColor":"GREEN","hairColor":"GREEN","nationality":"RUSSIA"}}
